IP Address,Success,Failed
54.36.149.41,214,10
31.56.96.51,46,181
31.56.96.51,45,205
40.77.167.129,284,242
91.99.72.15,110,163
40.77.167.129,44,252
40.77.167.129,170,237
40.77.167.129,109,110
66.249.66.194,55,170
40.77.167.129,12,76
207.46.13.136,285,182
40.77.167.129,182,184
178.253.33.51,32,58
40.77.167.129,54,29
91.99.72.15,206,205
40.77.167.129,144,246
207.46.13.136,69,150
40.77.167.129,63,230
40.77.167.129,165,122
66.249.66.194,56,248
91.99.72.15,111,153
178.253.33.51,255,158
66.249.66.91,206,88
31.56.96.51,64,117
Total,2981,3816
